{
    "loss": 0.7115492820739746,
    "accuracy": 0.5522388219833374
}