{
    "loss": 0.6878747344017029,
    "accuracy": 0.5522388219833374
}